{
  "generated_at": "2026-07-03T17:35:22.861055+00:00",
  "organization_overview": {
    "total_assets": 12,
    "total_cves": 1200,
    "total_business_risk": 173839552.17000002
  }
}